K964330,1.0
K625803,0.999999999
K935230,0.999999998
K504622,0.999999997
K813825,0.999999996
K975484,0.999999995
K674012,0.999999994
K741724,0.999999993
K869468,0.999999992
K987278,0.999999991
K596680,0.99999999
K932107,0.999999989
K883488,0.999999988
K954796,0.999999987
K904715,0.999999986
K562792,0.999999985
K511776,0.999999984
K519062,0.999999983
K620039,0.999999982
K937588,0.999999981
K901874,0.9032841063685175
K580586,0.9695048259921761
K700796,0.9602676986817031
K922447,0.9431953459705765
K811353,0.9612872943822209
K976314,0.9990426984995501
K687361,0.8771515633940911
K564779,0.9851111816210988
K776220,0.9410289920531354
K818783,0.5991755950687208
K679436,0.8367718366171677
K624702,0.6216699306573036
K546650,0.9449786150380098
K701220,0.9327723297495316
K588653,0.9335517917147665
K886430,0.8676546113947662
K807776,0.9509048220021199
K512449,0.9021191308786131
K558923,0.7597877816701981
K763608,0.8810739333549166
K626635,0.947338785205253
K992563,0.9191281539826466
K548779,0.9782940269863002
K920721,0.9440306708881222
K676674,0.9933761296688758
K783330,0.971410611411072
K990929,0.9792381025701024
K629007,0.9378265340494333
K656264,0.9173014340851325
K562973,0.9461728481846109
K916078,0.9915111461569315
K753381,0.9126341981347114
K574453,0.9406103651077261
K619642,0.7935914432250304
K848552,0.9053439668112159
K864047,0.9632333720263742
K995947,0.9235994629388957
K813890,0.9716056894908729
K687525,0.9948337583633347
K810249,0.8684766501755282
K652432,0.9676062403977802
K570580,0.9125459816576209
K899684,0.9324951965136057
K518280,0.9641315038322813
K774254,0.9942191492306242
K660565,0.8726072834937253
K795982,0.9462406544791442
K664787,0.7517085259281687
K553223,0.9308220850115514
K833225,0.9489125444955424
K818930,0.9667835650184855
K661078,0.8072908072599346
K646382,0.7973329568588474
K669676,0.9428495795875756
K523579,0.9199739482554748
K525889,0.9702128232369697
K888551,0.9479076124861687
K759608,0.9801234779304864
K800136,0.9511670652480978
K631378,0.9096402575715942
K647051,0.9504024509585911
K667164,0.7735936286840345
K834020,0.9772333682080839
K600750,0.8878054749298423
K861849,0.9801893526372512
K999466,0.9666648216588398
K979445,0.9378254523889444
K554673,0.9459992707828748
K840320,0.8916467584925855
K937754,0.989930317803294
K517192,0.9365885786257594
K877024,0.9578231894613913
K950106,0.9904496943895772
K813321,0.8661229952331921
K731117,0.9673013858852365
K842745,0.937700492200246
K724210,0.9826445057364348
K699705,0.9515661046934254
K814285,0.9705932488871742
K643238,0.9446826391583715
K756116,0.8856551080186204
K971212,0.9462183259075595
K696152,0.9594275828954788
K769922,0.9859569599698279
K566585,0.9710399670693455
K645293,0.9716408482382861
K625788,0.9704451429513226
K505001,0.956851928168935
K580182,0.9537770020435155
K514383,0.916103996064849
K785528,0.837016308496642
K502427,0.9244189834953227
K973150,0.858899628715386
K745035,0.9455394213307401
K584761,0.9891168822170161
K958300,0.9745516966353852
K636400,0.8406318200997211
K890217,0.9778305434128013
K695150,0.9794939139745602
K801941,0.9071140983471163
K582528,0.9893600807577534
K943552,0.9619999236802824
K731536,0.9599826681441869
K802537,0.9032628667512087
K646984,0.9633432302483583
K989868,0.9513667368764709
K554134,0.892448689085463
K536249,0.9735422822389974
K624262,0.9858232341670304
K775249,0.9594576142863975
K834937,0.9890295031575704
K604238,0.9358450280897654
K643508,0.8552042202325939
K581182,0.9760260302410547
K775750,0.8051303877453544
K564784,0.9988961797643092
K740914,0.9666542733792418
K754248,0.9637763630514061
K744908,0.9962827307006553
K617876,0.8776029923724777
K767227,0.9665533052013869
K833208,0.9788178556151976
K501879,0.9705489190613514
K718694,0.9787946291492784
K543895,0.912750649872267
K726300,0.9418471065222084
K735172,0.9909306814117328
K699037,0.9838343025729499
K798567,0.979627478821493
K956537,0.8384058976590613
K671736,0.9688539092088937
K525799,0.9657639950386148
K766673,0.9709831370908091
K837369,0.9992525068336916
K508644,0.8380839474648063
K939844,0.974750793572273
K788676,0.9549195680705497
K547474,0.9474358066137857
K600473,0.9608707731290402
K916740,0.955719072295652
K963371,0.9668447555997495
K647819,0.8585464158032432
K632410,0.946235772441083
K539016,0.8570979232387925
K744231,0.9263346724687814
K946689,0.9311119065504871
K767242,0.9562076602283621
K502149,0.968308022452026
K979632,0.9819385843801458
K659950,0.9371274628335534
K605679,0.9657689374531587
K998294,0.9530215408562384
K648770,0.516190076733404
K835301,0.9700725764040892
K820134,0.9645235741578446
K975623,0.8454837769459145
K561499,0.8906889265122039
K526535,0.9625984826789273
K788186,0.9481233676195583
K801738,0.8780512358827742
K655599,0.9831618487274403
K598565,0.9939126119743295
K933430,0.972930280023197
K515097,0.9713981450317497
K518663,0.966875911938837
K811791,0.982767190971619
K892906,0.9551005655946136
K516647,0.991637650334139
K758196,0.9271313749996415
K876814,0.9861017181632588
K905924,0.9688687040810194
K703647,0.8818265379186288
K652827,0.9095255615991371
K939228,0.9658771145047278
K916676,0.946559071978563
K820075,0.9524305639409966
K799596,0.8622843002630158
K557118,0.9285140041805638
K762552,0.9718096114755056
K889473,0.8952424446767769
K718265,0.9532308144528518
K763596,0.9854596164247071
K817499,0.9634308203732018
K640174,0.9557449535153402
K524468,0.8934931777852174
K797517,0.9665327878844848
K854319,0.9789334760128942
K523288,0.9847610078025689
K877484,0.971241900964852
K954837,0.9203157562934592
K606433,0.9060571639110677
K818523,0.8008842467198465
K565121,0.8527865860046008
K843965,0.9674500975262352
K776925,0.9568289546103562
K737396,0.953111736351212
K850175,0.870614391428595
K892620,0.9479172813364757
K644595,0.8971635238318426
K509204,0.9595514824961214
K802558,0.755583389858055
K541771,0.9282531374600065
K917118,0.9637378626275008
K742061,0.972858543041675
K743619,0.9271005831059035
K610802,0.8909648127470259
K677078,0.9454980067754103
K937468,0.6815700138365023
K642830,0.9463341132284215
K853875,0.9782909153727241
K644620,0.9478848630370257
K552858,0.9667012199365661
K842426,0.6245213941705959
K680315,0.9732417428808046
K814728,0.9494415198389844
K778312,0.9714954799477403
K524882,0.801829929045188
K689281,0.890884627859679
K971655,0.9609301525280394
K860268,0.7388344300476345
K960270,0.6901987431815344
K800110,0.9542475312033926
K917256,0.96473401952592
K766435,0.9667026414920691
K621204,0.9600121867587887
K642423,0.9576446582946855
K994503,0.9012093704647901
K653898,0.9576713595241203
K758568,0.6143804124621708
K879432,0.9465061028915547
K832650,0.6265202299447146
K997934,0.769054775543487
K621014,0.9140094076311188
K991794,0.9550439694722915
K980762,0.9027602007450878
K945462,0.8909394994209883
K830692,0.9518278974761408
K541984,0.9509273421125191
K693827,0.9916391748620313
K971829,0.519935390584689
K750554,0.8121566928546268
K547559,0.8168075414782306
K614020,0.5822430036231734
K684505,0.5705237824054222
K902681,0.5362097155486907
K912258,0.5689129380845313
K576207,0.5345549075227849
K664617,0.5954547446844025
K768039,0.6078032809822946
K726704,0.8135582506502569
K510460,0.5416151433216643
K799660,0.6556173439906471
K888162,0.9573786491544943
K503978,0.5923310666071363
K844650,0.5062884638567962
K691483,0.5838478571898719
K695220,0.5923978032520045
K871630,0.6333118363135635
K874108,0.8087769073536044
K712538,0.5467968957286313
K782006,0.538723170349211
K823422,0.5130002382874158
K629207,0.5238628643675303
K930412,0.5139918686620075
K503939,0.5168848938013213
K975769,0.6890280594052611
K941506,0.5706358810455474
K878453,0.5266940500620857
K973579,0.5108845287951458
K893656,0.6278163907698495
K921077,0.565010115353693
K540617,0.6284288431021298
K980200,0.6607633138584278
K973245,0.5262600034692538
K840633,0.08142835296481915
K688801,0.40087746104403377
K532157,0.08799291977037946
K605517,0.4471028085089283
K824315,0.04206495325166077
K787423,3.7633722399931694e-05
K879848,0.06496968644681125
K507705,0.15529663220645049
K949854,0.24320316146805326
K597323,0.057131407221918826
K982027,0.37383322480786874
K915523,0.022581572704497826
K837343,0.24307074034995202
K548316,4.2770849546785105e-05
K998040,0.3068325248110914
K550375,0.10829452594395124
K639822,0.15860828224098752
K919660,0.09128892812460497
K909538,0.09940998224776892
K745190,0.0446877323991842
K662800,0.008970650724934451
K847550,0.22536978116753786
K868846,0.28724467718477414
K747598,0.025578026958818636
K773574,2.1591609472103943e-05
K637977,0.1516567071012217
K523299,0.12710503228592543
K976368,0.324135326170342
K841384,0.26855787446844903
K599643,0.1396167882863928
K918993,0.3672773981385203
K696693,0.3296403948793299
K939947,3.829663172416486e-05
K789458,0.32914831787154286
K668840,0.14638730317146476
K998556,0.2737589966353676
K591508,0.4395211014431296
K632374,0.019495319950255535
K947496,0.05475486546963582
K519516,0.1301572508173629
K589106,0.2991642495456296
K778652,0.4016421683664972
K504782,0.015937673601988785
K686257,0.2555057339579612
K778677,0.20083275424916108
K706910,0.41528841216573514
K630360,0.1325054303024131
K664282,0.20024313732472543
K664341,0.27491929964612494
K977735,0.020307600095986887
K902780,0.03317208707924553
K729059,0.16480095718717871
K816432,0.4142760548307893
K853073,0.17863624922632323
K820381,0.05114455323119805
K504535,0.4261049493588254
K511127,0.3324382586714533
K704947,0.1087209918132271
K819010,0.292437075608425
K967704,0.14918742014320668
K727458,0.04145401559214913
K652878,2.8764405540483774e-05
K600188,0.12656076410015585
K955894,0.1548325054112963
K720469,0.002273322488859226
K644924,0.1942858421447574
K673312,0.26737714874055946
K923672,0.40394434081847186
K956981,0.26902790748855704
K763914,0.10886535435476166
K699367,0.043087753251855654
K522941,0.28958471755759757
K609112,0.3278460749101312
K684136,0.05051700888463193
K810516,0.05890990971395855
K804090,0.0408059766177732
K962419,0.2746337293168812
K708258,0.04139541790673547
K837104,0.04702957500217664
K718303,0.3557426880442396
K954656,0.1990824881995164
K578055,0.047853743563248355
K704347,1.83496164594671e-05
K842118,0.2342654018977417
K825622,0.11362839765739696
K523923,0.21188661718207738
K972508,0.037553131461314705
K989180,0.05261142561303974
K978237,0.02435676086368867
K632732,0.04431973087478652
K916560,0.027414522887829678
K643169,0.09251996437393312
K659024,0.07189117459787103
K701183,0.03226929814996039
K523610,0.27757940299913575
K866680,0.2082542588355851
K944314,0.1593413817327881
K561251,0.32306711544364164
K888866,0.14437082619579852
K617759,0.07497091911333724
K954006,0.0800739015842902
K514041,0.11162705798018273
K534233,0.2912994785174433
K807342,0.19595997044062002
K853129,0.025411828743116715
K808208,0.4108957003257013
K928773,0.27602861688241515
K596439,0.041368368927940824
K778917,0.3073266423362044
K805409,0.14682285575631962
K793117,0.45047442035791263
K612835,0.058084595474516755
K955080,0.46892075694518554
K663869,0.0866630063530687
K768210,0.05144673336295405
K835312,0.33051232168262434
K880758,0.015909276486886913
K744492,0.31946804786507677
K741894,0.4234562059239081
K947277,0.055396720621853184
K888520,0.07168659786372089
K912742,0.04756986021854869
K649426,0.447975943504694
K956451,0.07803118024395429
K681783,0.3404336196046122
K564508,0.002111507882170838
K687794,0.023526187515137183
K825337,0.3716044756741451
K509878,0.16332863788345794
K985449,0.388763164390187
K939066,0.09346842747858698
K849881,0.032448212270990866
K949559,0.43701715493964166
K729866,0.047082721411689336
K608119,2.64648629003207e-05
K636236,0.009674848393078531
K993349,0.26674458291394665
K900616,0.023781287632193625
K573940,0.2921819767443509
K753481,0.01050409639022384
K899062,0.033942077653802645
K781600,0.05741410002381594
K784676,0.017711087304735605
K829910,0.22906958315399542
K794793,0.33264769020639423
K998640,0.0047911987661020256
K504210,0.3124262950709136
K740478,0.20812794789268124
K553977,0.16309768498712274
K653534,0.22470224140755768
K779392,0.036729226241882205
K698336,0.08389922050829114
K731537,0.2553284625148053
K618408,0.015748860449568823
K810857,0.22902959860754044
K698255,0.042256821564362584
K747778,0.04568916306684087
K588314,0.25455644369483926
K841803,0.06775159146735112
K826807,0.3278398389363339
K982731,0.26801553688937
K623037,0.25049558144415857
K964920,0.3266030652892185
K930956,0.010343840057690682
K970546,0.18642963387290495
K938748,0.09073774422751313
K550108,0.03452873213374456
K967604,0.03185001225985482
K757164,0.04766810742811381
K636743,0.03967702181838186
K710404,0.025236109550182118
K566345,0.29534148760737006
K707984,0.3820184565113191
K559293,0.08677971271895056
K762123,0.36622089949113007
K949543,0.02174088285388832
K872291,0.15991149844197913
K508962,0.4020733982087438
K533037,0.18602665735858637
K541933,0.25008981688957155
K821009,0.07093726935900008
K925544,0.3041558433594024
K679355,0.25596455210334673
K743107,0.3050678238449798
K754793,0.22290265215416113
K755983,0.15986637097211812
K621291,0.057258793750563926
K683234,0.3010807763269546
K912905,0.00799634248547039
K517925,0.07769390294309343
K902573,0.08655383289332658
K613611,0.22525908922141422
K698429,0.1829800669158141
K554225,0.2506607845563885
K975153,0.25992831407819017
K768515,0.21064210920092072
K837230,0.018148313426140886
K851600,0.044881430693914176
K927419,0.2118771909146031
K512043,2.558686615144018e-05
K941103,0.20276367914730406
K966150,0.04835560077607523
K521431,0.03432635336364659
K872867,0.3950962302017677
K619324,0.08052756224837378
K945703,0.04157487884944064
K808449,0.02940717011076145
K569974,2.0204342337560977e-05
K782400,0.07790146945337832
K991792,0.008527000819889543
K810164,0.05893070719204462
K532978,0.3191264837470639
K522942,0.22596689996519706
K701645,0.08572940929823453
K538396,0.024738854982014443
K992345,0.1660793609770307
K738724,0.07984916540963771
K802946,0.03709867469905576
K757623,0.10450092988736101
K951121,0.07000636343021713
K538111,0.062130974313877416
K683439,0.03544585090944915
K542700,0.2602369322789322
K628613,0.05633874079462006
K737775,0.3787887218502993
K998827,0.3036640083044897
K770221,0.05434341027545715
K551676,0.05338007669536494
K876682,0.07892985388971718
K633260,0.08682823423599242
K953807,0.13010897655710638
K949614,0.0314606917333606
K669212,0.03618630662093961
K821096,1.021691097323648e-05
K583941,0.028274502519943023
K686654,0.15709465689114008
K905719,0.026966510349633863
K641186,0.11656164190493497
K858693,0.2962662368043026
K568025,0.2846108966661909
K703943,0.06327852138687363
K697423,1.5391573240042496e-05
K590087,0.01223973934883925
K866739,0.06835163999650239
K946425,0.04094713093255182
K962474,0.11590629456491335
K512113,0.1386612357441745
K661843,0.3161835469825448
K879662,0.06487889223869185
K854009,0.09437732977026882
K993232,0.05344452203913922
K987214,0.02901401651582662
K537609,0.04157470733376766
K831958,0.1771172181447208
K607642,0.1163982136984745
K978520,0.043842401814506604
K680734,0.12324683705813315
K776204,0.2069364323908286
K993593,0.2964260281855144
K734490,0.3290096793956431
K511185,0.12451710873963086
K589613,0.4583909137005756
K999350,0.07216560756664714
K798076,0.04861759798537062
K722289,0.03152030629561783
K552469,0.017521601723036
K987738,0.2732327089386142
K867046,0.29664533161638534
K965405,0.043180667556445965
K628175,0.0033905881700444594
K695293,0.06727275522516311
K998564,0.15514654032003988
K764149,0.0937492675354538
K902882,0.2763842949817087
K823481,0.08368494739686486
K663624,0.19327850988049614
K956736,0.023768518948506814
K746916,0.348784418915375
K529469,0.019944416357557265
K594179,0.07839897676169344
K798988,0.013485209008633935
K636354,0.015614756042874439
K746812,0.0077538235106757135
K939461,0.2019856200383447
K741977,0.3683100836191276
K641486,0.11494983597491774
K644661,0.1071155479747866
K740612,0.011125500896430036
K612478,0.32396731812818436
K774278,0.2662924554032544
K832239,0.003125447429332946
K533607,0.052553969235811314
K875225,0.034214989056385134
K850161,0.029447838960392065
K701524,0.4890013878302201
K634852,0.027925611134670247
K851759,0.0053960129612669275
K673861,0.10077425435759915
K548223,0.06847124265752279
K917521,0.21096382702600922
K775820,0.10412202437953101
K508910,0.08951933158355962
K839234,0.06328144156590304
K681272,0.08080199045034349
K775219,0.04509604195533315
K995580,0.17161614971624767
K837754,0.22500490063347034
K803314,0.050949016564694555
K829126,0.16300737299901633
K680036,0.022080407997452985
K785453,0.052463192304392704
K656616,0.071331647964742
K976977,0.01974333232089158
K921205,0.04239288559983428
K577007,0.1833926471343398
K797632,0.3994549196472222
K515067,0.3267395308190959
K920124,4.965001803464873e-05
K840819,0.09641376893522856
K831902,0.206960653078135
K951210,0.2166707422321434
K554074,0.42532615387881373
K994886,0.0718536341623102
K987777,0.3129503607795647
K632600,0.3539207315535232
K585714,0.03920424157287463
K614165,0.4225471617255151
K739907,0.1575488124033279
K689673,0.2714795968300238
K766888,0.03494274814483842
K944586,0.3873459281327629
K717728,0.1197154637450497
K949898,0.2477377081700605
K596554,0.12101785526575429
K919248,0.3292903662740821
K762779,0.26154106939475746
K998470,0.2649632210024779
K726822,0.06527094786242432
K591059,0.15906247929279713
K873098,0.0634893473187643
K735635,0.09938452713167391
K785889,0.3606450629352668
K876738,9.797733066717739e-06
K634262,0.024289419532317728
K911521,0.42762699599696286
K518929,0.03524173349687452
K949608,0.08641425401511593
K810907,0.20391700027135587
K659299,0.4098210770844277
K596388,0.3497353455548463
K629481,0.3335733224967156
K534601,0.054736024679984334
K821092,0.11906519601652428
K650723,0.07651224143773529
K995920,0.3318511307789911
K579027,0.0032929754341259236
K653791,0.36008500573601404
K702855,0.20153340482231508
K888331,0.13284584981522188
K926649,0.042192854978552866
K849060,0.021521934829399802
K740208,0.15918556514217383
K775238,0.20893121663890918
K718817,0.07037590895017902
K844939,0.46462451297901247
K515709,0.03152683913515274
K659847,0.027601064382268933
K524847,0.025056508212884777
K894380,0.08146489557956442
K844039,0.19721019539944604
K534506,0.3567568075974528
K500790,0.026334522429517625
K800570,0.2361979687191258
K856157,0.3891129197280773
K667624,0.3971924642228128
K854700,0.07448429541740864
K791214,0.39398687108958785
K644840,0.3854107546455422
K891895,0.30365989950147154
K859222,0.03168776067513012
K623674,0.10681966128280654
K701637,0.022791749474806132
K958194,0.01260486738028798
K631841,0.03314117798063013
K660012,0.41586310060700166
K627537,0.002017677108537739
K705518,0.14792636969994075
K604056,0.4188942632115152
K513946,0.023876041847841
K804459,0.021224430688286246
K831538,0.23066499840093635
K632996,0.024875175442654933
K597512,0.004084082156146273
K856470,0.07904096149118307
K684789,0.4328125159029128
K681717,0.15993510486612023
K715573,1.6897299607741626e-05
K863494,0.3002031658496174
K848826,0.01841869455693807
K888527,0.0038472106989899876
K796571,0.3481017857976929
K900153,0.0834056803471353
K799300,0.2119966926597654
K727388,0.31281724568658476
K588080,0.023326394371694825
K645652,0.21876490782398264
K667218,0.06668900870257738
K819196,0.02496628140509109
K570807,0.005731472739199763
K854218,0.10353251482729699
K873498,0.06395729645925842
K565316,0.2655609841029395
K659896,0.20281661796670192
K638302,0.14671954634309273
K950331,0.39515244904846875
K800276,0.2945933771552337
K586523,0.09280971814916396
K685375,0.25123662514825507
K661138,0.062354392907707105
K628218,0.03431031764170111
K573444,0.08262985711869783
K958647,0.061389688797278366
K752499,0.042602269485797484
K592002,0.40744550822496056
K973882,0.35063821304392706
K594557,0.2361047798234793
K916315,0.06379492866189523
K594970,0.014791560541944936
K625336,0.3091064877128449
K540562,0.4216327666376688
K690887,0.2395226138261264
K938813,0.09737145905271573
K755369,0.004385948833488666
K877405,0.17160855264819974
K502495,0.016237997394874717
K732622,0.05700463337762101
K709162,0.21214447417757584
K695563,0.07303452683553675
K779687,0.019337989066588276
K633551,0.05427536858886587
K899685,0.21311530489728223
K538637,0.24644904219307193
K545728,0.22484279811349517
K779115,0.08500123448810808
K642533,0.2580867726638988
K692670,0.2117187853999892
K843794,0.18687967977262615
K695682,0.21170614330283474
K850756,0.010980574620049649
K968689,0.007884281331130545
K972168,0.04775410867891947
K929694,0.22908150487884532
K757537,0.1858477867897947
K683969,0.023752614591955955
K990679,2.307202547716582e-05
K855263,0.28278726357709955
K853281,0.21856955137736273
K893335,0.021577081528731248
K885168,0.07988055007614664
K587937,0.00754642459536447
K608768,0.4882655885472416
K658154,0.08397421713699675
K639398,0.02427521640133178
K735736,0.2844026769988325
K854729,0.21154185757072888
K908811,0.30081080144618216
K532310,0.3292099877177845
K924376,0.0279848884828924
K749867,0.05984681140164533
K601861,0.37534605928392695
K973846,0.06432874178819777
K609444,0.2097774922207196
K695669,0.09564294071640723
K724563,0.11707709454141378
K588837,0.33583119094135233
K923986,0.10036252905353346
K869446,0.3924204524553899
K812420,0.2022201884982154
K621700,0.05982249293624037
K889900,0.4056324001673864
K823507,0.10243458531137141
K643917,0.12457292249100693
K712610,0.3366255058474365
K526221,0.2837013542285516
K546804,0.31263665863538526
K863901,0.05248190255089097
K980530,0.2730846890424744
K937124,0.16998248165456792
K580613,0.25209197024443303
K779583,0.16535574309797985
K974228,0.039386251554115764
K572593,0.3298878702379904
K796802,0.04321793995671928
K534136,0.13769014240779767
K782197,0.24616386271107377
K892656,0.19349764592995458
K608723,0.22523938278361494
K840273,0.008028950488118424
K856566,0.1705758515518501
K749728,0.35682993688975295
K708996,0.01744135513266796
K665659,0.21054532336673648
K700461,0.07881470933181954
K525493,0.22253282744246372
K912928,0.15078186613610892
K553721,0.37722818819661474
K655937,0.27535112444884574
K518774,0.34796281411434404
K777238,0.41284396734569945
K638746,0.25808517201984243
K807631,0.03081368439522441
K652022,0.049762520104498144
K832620,0.3095751021639063
K613788,0.029657936622300117
K602542,0.25912703300587264
K692172,0.0039894117437312415
K938620,0.2527180418330041
K893344,0.05478248789332694
K905995,0.0597097054113733
K758942,1.4425960765148518e-05
K874599,0.17370148394751808
K988358,0.3219321263284
K746903,0.028718817020137215
K533296,0.051513993754470876
K948327,0.015556860284475317
K644082,0.03189218035461571
K754550,0.006884435970867129
K735548,0.28128618324123794
K560226,1.5032472447241747e-05
K597062,0.07252865657367438
K563937,0.03913233618953049
K740397,0.0479206420029804
K823366,0.34728649549602647
K585536,0.1088145290267379
K837652,0.20130722251528296
K871120,0.06193932537086874
K655485,0.27422679892308605
K691409,0.18352166189938424
K624772,0.15530686656319304
K583211,0.017648491403787755
K524839,2.2340038192862565e-05
K591576,0.04178859705595804
K764707,0.07961072906816874
K721315,0.19853489364716986
K798561,0.3748406097807005
K666447,1.5355027481741215e-05
K618980,1.8674830739737832e-05
K540838,0.3026892322033704
K679735,0.10371444728278685
K741420,0.05457048619588321
K808125,0.024763510022568005
K742691,0.2228629261879999
K528646,0.006647301033502615
K558778,0.4172012041265028
K929261,0.1436419817908585
K989471,0.04988842231027084
K992706,0.04097039054779531
K628409,0.30749413823570226
K500247,0.046397674420613474
K702960,0.021979740838180887
K544964,0.22810962506042856
K637485,2.1796450180611582e-05
K792637,0.4745793023779122
K840098,0.13714736987528006
K613136,0.06792343182079658
K574999,0.19416522478715087
K988457,0.046337399614551036
K530610,0.29796377555827397
K680677,0.05891638455814062
K531004,0.029977590445478194
K525953,0.21090744650379936
K863095,0.056722100051651764
K568550,0.4559398124586066
K903784,0.02810550810850863
K816842,0.29727387903833097
K594219,0.024492457876502078
K657483,0.15583383213735932
K820138,0.28583663232705026
K805738,0.05116972848616459
K796714,0.09289013241508397
K899559,0.01607708045995104
K948834,0.033242137914046586
K608363,0.19013641293144976
K551133,0.03914301450527276
K981181,0.47289007611290745
K591663,0.23285801290666458
K876161,0.24070927637455697
K628081,0.43353484017314353
K824350,0.2982253937893483
K650960,0.027567380774176514
K562617,0.04176805931790056
K630988,0.23077064442744943
K633399,0.012522954108613916
K678535,0.011432637438480919
K549600,0.19154734270744928
K891889,0.075592678703595
K662156,0.004152820435345328
K917748,0.34539646281057595
K580155,0.2976214497794889
K661082,0.03622880153797666
K541117,0.21539025396641054
K778978,0.004267042220352263
K828088,0.016480000932275925
K615290,0.03317847999640678
K862467,0.2753750497295727
K805345,0.03913783907913896
K514756,0.07000667312162387
K527942,0.15408056772429604
K664050,0.03894979070527233
K721135,0.004934115424823314
K831463,0.13499350453335215
K568890,0.04343567596036135
K604197,0.09699143706740358
K794268,0.1669683069245858
K838095,0.05190877363534584
K700278,0.21281036364511532
K993904,0.057843027065747406
K726506,1.7038282119595224e-05
K630945,0.4520949508641092
K882026,0.25711852423061227
K685540,0.020843805091827237
K978912,0.05096679924798533
K751808,0.05574567696497857
K595506,0.04014402871417553
K508320,0.15116590589458676
K935259,0.02474450846007447
K813066,0.09272343988422903
K595493,0.20233378713470732
K787255,0.10246050471216027
K668690,0.029066901106588317
K519147,1.6047092112685234e-05
K652033,0.31145206140883275
K967634,0.21030789361578597
K647041,0.4366499218885674
K852248,0.11492764658371923
K503350,0.06888224632864924
K569342,0.024719514028546316
K557159,0.02803162196823429
K714781,0.21926295867745507
K996316,0.044876776777505616
K938343,0.006071461179458896
K822326,2.6613067930638007e-05
K885891,0.30386026105545627
K572234,0.029785142452150654
K920771,0.07678929961768026
K559649,0.033700134149729326
K553647,0.006958837177538597
K622477,0.10480747277651269
K897580,0.3691891108016353
K784749,0.04463054829394577
K834586,0.09354134235077256
K839449,0.06387279318315628
K827994,0.3844561713110805
K630264,0.3619843084414841
K800259,0.030758510380920766
K502411,0.3827441465065131
K779267,0.0196028505258365
K793954,0.27183523675741056
K798139,0.021013409185346683
K855187,0.07531108565929573
K643255,0.25195288282800776
K648248,0.2403595192547299
K568814,1.5856698465426625e-05
K556948,0.07448148799747616
K767521,0.37010801112578834
K997967,0.4526080718540654
K762052,0.4134609034334124
K989364,0.17862965010551105
K854725,0.03295108008942811
K757598,0.07289176260049315
K623621,0.06718416614287125
K691093,0.33022387658508123
K871238,0.2729157443222982
K931922,0.0664780408669427
K843194,0.0679766071955751
K563485,0.10082841813265951
K523722,0.15857192164145612
K704648,0.09648908979784883
K943104,0.0400964955278229
K718111,0.023089876589347757
K858260,0.029065098876988407
K958581,0.003917672721243398
K591685,0.08706850143929304
K600387,1.4613035327402598e-05
K936399,0.026470137708150147
K883015,0.2873588358928759
K539458,0.30141319737030337
K818398,0.03175380267422633
K734826,0.04004915664695806
K531266,0.03504249817799546
K739017,0.09221435554763636
K695855,0.0909704348298235
K645478,0.09826327813506595
K605579,0.3327368212989233
K618673,0.0927556313732675
K645649,0.03622549631718066
K522355,0.29622463631151635
K930969,0.06746132727604488
K688605,0.16604204133902328
K990819,0.026859154821553904
K508949,0.16567088865062496
K601568,0.03326044340396604
K621061,0.31724382341158297
K836427,0.23604309307043722
K676785,0.16633262810642763
K715365,0.15231200756182206
K549353,0.10647660119252958
K971949,0.21857780301049815
K943424,9.147021951708367e-06
K606890,0.4659722155322173
K679871,0.1631884324376676
K728058,0.00805768632404476
K624848,0.031884295620811555
K567108,0.1578394833787565
K586845,0.03303162046714858
K982970,0.06408696102894933
K585307,0.2602311072532971
K955596,0.13320443790459757
K939793,0.09919190700069132
K868913,0.05731883228084515
K855778,0.19933079852655453
K579294,0.21296131137128152
K765339,0.016817409848628534
K944091,0.03801641373048099
K748643,0.019330368945836784
K981942,0.4129718989855602
K857436,0.00840749186206458
K949032,0.4285258716779398
K917159,0.13417810321752333
K510023,0.45459949531067106
K572606,0.06866466642611876
K521029,0.06299262319673991
K685617,0.04778992238417315
K918063,0.08807025805998189
K610454,0.04757719392339717
K513591,0.06719057158697565
K581149,0.04513052227813349
K723421,0.214316338507136
K646695,0.028159374607886832
K560743,0.0036013778417111632
K914520,0.293540083319968
K567039,0.002339796554982179
K764171,0.22766633423588445
K561257,0.3032796157373048
K595326,0.30649583012680937
K834275,0.022835672991099464
K571083,0.07155244578474967
K780998,0.27716608027939854
K805433,0.17692790229265082
K513570,0.009145011033280857
K529647,0.40368824645040025
K835505,0.12470805974517236
K592628,0.3244785360513854
K755386,0.33482909744993367
K562148,0.29429780398181243
K592757,0.018566133807884664
K528195,0.12373310069067812
K743821,0.2036816038387638
K584342,0.04439462938381836
K745835,0.0902217141956497
K656308,0.34659744075057924
K576994,0.30924552735191535
K584919,0.10372028168724833
K923026,0.04121496082320453
K540001,0.18831673707306412
K660156,0.06339611368196515
K770205,0.19173104462994353
K881809,0.16801140129534614
K553379,0.15289760622843127
K962930,0.03261482736558256
K950802,0.24989766364047408
K861951,0.029141728679565635
K968321,0.3499810058133538
K524802,0.3455451795693699
K596179,0.0917092179650869
K596883,0.2617026583336291
K887865,0.04058763950368534
K951154,0.0829267778013659
K938744,0.07010410963402902
K641285,0.015388535969021063
K533898,0.13301427117455103
K722922,0.05319069550842515
K540860,0.053036730437544144
K787575,0.40162080648312015
K721909,0.3530028563076497
K846214,0.13308575966329717
K923984,0.3069659117926286
K770979,0.2531499979280842
K852146,0.37919243562522875
K521464,0.31551432561219195
K849268,0.23394589094415197
K793538,0.027001880321538302
K555415,0.18322578518395619
K794658,0.2324867213006944
K821099,0.09549549416791599
K527095,0.019092298690495012
K713837,0.26489667546362494
K598829,0.261583654789503
K572787,0.03710120993720517
K690971,0.030742935759233543
K714262,0.009140016612403727
K613717,0.01748389797488268
K662151,0.29860252104780927
K790731,0.03983548009094529
K722593,0.03486108894580776
K863933,0.41133683966350626
K649119,0.24111873846062828
K830974,0.02531308628897832
K983300,0.041837841204339456
K710144,0.22297206314626739
K687240,0.36971289666514895
K815718,0.2159679329099221
K543278,0.297643706546885
K751757,0.07605157112361118
K759401,0.11715161301062967
K725017,0.02455762080533224
K651257,0.08762925942715524
K982436,0.09091200339582972
K558625,0.11724737596004615
K591416,0.21675258070964287
K763287,0.04976871936194038
K855476,0.2928431100324932
K951596,0.10881318660330262
K674517,0.15349977021550903
K700222,0.0027539353293840624
K947599,0.12352722293635401
K977085,0.4876717051600539
K609473,0.16572893442497277
K651230,0.44226092987902443
K720003,0.4644598710400168
K786774,0.015005855838607828
K518293,0.04807144828093223
K539470,0.03704570989635783
K774408,5.42129515766602e-05
K932037,0.14948327267531517
K896590,0.17981152352338173
K820239,0.08017605402655179
K948363,1.3774442285822714e-05
K613758,0.24535596261332548
K604105,0.2574987463931242
K548035,0.014375714104850515
K645863,0.07686064250343562
K834490,0.02692900033419723
K920875,0.21075740797291279
K794589,0.28548393084579277
K648967,0.030471826387510337
K536045,0.26196573541838586
K527217,1.5196162524630296e-05
K602728,0.004866532835868676
K754902,0.030441653207418637
K973462,0.24665030972326643
K777229,0.002860248059312068
K984122,0.20022968348860382
K740446,0.1808636493296175
K781836,0.1538491958032512
K575118,0.2970946232762777
K610918,0.07897806236873471
K534207,0.31778335860944085
K693776,0.08504973869803628
K914279,0.24531543229067992
K794185,0.30777870764677756
K889986,0.2073403469237209
K723452,0.35744350128796837
K641920,0.04474741797195786
K623325,0.045411499950638194
K521601,2.288220610092791e-05
K632791,0.26093137371612485
K915073,0.06957987758160525
K885860,0.027604581545931713
K977125,0.038666832915027025
K653124,0.02890443952307644
K619527,0.045288007352185015
K802487,0.049481059659365646
K896458,0.26559066486241495
K805248,0.4651265322688955
K984423,0.025825348986776013
K867693,0.05466568342121756
K779910,0.3426313240390512
K530927,0.03528093948535108
K733855,0.12427472267515251
K857768,0.19978554990194847
K917925,0.3664525462072394
K912220,0.1756396119799283
K508080,0.046625386087922674
K736156,0.08479791222001351
K548114,0.117658707054786
K815141,0.11958645075965599
K961174,0.010078419589597128
K874326,0.06039478810848376
K526004,0.07112309671991138
K963281,0.05861865793233765
K694845,4.209587529013264e-05
K709629,0.4205970412415292
K953945,0.3607833840840121
K928121,0.023565009061994567
K633153,0.08897918571622364
K994955,0.03994825185086542
K888726,0.11475193655333883
K718970,0.35907432716326565
K838479,0.1902376453843672
K688992,0.19334541997646765
K891429,0.2891509960114197
K884425,0.07275296763897814
K725038,3.043265372539319e-05
K677219,0.09366965158390486
K884651,0.20258956061270234
K926609,0.1986975947783243
K963760,0.006033457229062636
K726310,0.28062049102708564
K547786,0.2328442120506008
K798363,0.45855646879086265
K907249,0.08068503213812148
K686713,0.307465730613128
K967465,0.29252835339833244
K610806,0.21162695007041546
K870464,0.12169403521102919
K777234,0.16688423933549515
K972682,0.06128628217224284
K901596,0.42401179060834693
K523610,0.05538527477153975
K796444,0.025684938883657325
K982915,0.0703004380711288
K992718,0.27443097723583265
K617950,0.38016252684904217
K898745,0.0395208102700432
K768115,0.034076069606583194
K952181,0.27094179739309804
K662122,0.006038599400969358
K626435,0.05249775312068914
K656320,0.31539416033723155
K991376,0.2797642415869334
K804102,0.03207095251646459
K585097,0.034703582514640986
K601120,0.029635645431519843
K819293,0.3670854661846211
K864139,0.22722208286506293
K955872,0.014004825037758906
K542969,0.0035837992601163784
K591956,0.055288857471300336
K876878,0.037521805682613894
K705885,0.03269004676800109
K757252,0.04436683909567104
K567858,0.027896052795143934
K746181,0.4706613481377223
K908190,0.3614992915994327
K901910,0.09137529855263898
K564321,0.036234009359809825
K926895,0.13050520629492582
K599416,0.2031905653822992
K808239,0.15838612748952374
K728236,0.03460542471994733
K932627,0.029901116317634237
K643845,0.16926001335570864
K967305,0.04517996806323689
K845754,0.036366438909382987
K710171,0.011369928050031865
K930746,0.018119417029475764
K994750,0.062237009954769655
K973737,0.06427733108150524
K913520,0.06295694759261784
K760157,0.06650281634932832
K650218,0.002913295129994203
K776034,0.13048119311071657
K984464,0.34361187289147305
K546575,0.19943630007227936
K856737,0.16475771322604063
K644051,0.35560172034616444
K608686,0.19751502323326106
K662189,0.4822583403899994
K939159,0.061656412424645875
K573337,0.3283771332836827
K517990,0.2094867690350958
K936595,0.05405016867898392
K618821,0.005506291242286186
K688465,0.06939734403948307
K970986,0.03954444394243044
K648054,0.11174179619792501
K995912,0.2936248190519107
K738209,0.05190480284725369
K876097,0.1077277789327168
K676484,0.1490606980878553
K984811,0.06786230231772605
K663765,0.2008564934358548
K848337,0.1991049066095795
K972618,0.24112310396875333
K594517,0.3117945260545782
K528735,0.46537280197991976
K512650,0.02144184378077772
K519636,0.1296052106092443
K722310,0.005430326734345404
K844627,0.1261203623194014
K598923,0.01254401418355304
K513072,0.08314805690099686
K640917,0.21673139188069895
K726877,0.023247125559353155
K518995,0.02426590041471474
K637949,0.1146374294390249
K976992,0.32007347481038745
K949342,0.01861300185588396
K755360,0.06575472033667981
K669598,0.3883269713733965
K871344,0.023412352690407735
K687788,0.008785416623376528
K544136,0.13086391849914242
K808518,0.35244803233874666
K692221,0.2857929922029523
K648642,0.004174315126154937
K577507,0.01060698419616054
K536022,0.30577373165815513
K735057,3.8959297066054906e-05
K536210,0.26932845964672236
K860565,0.4493157767922948
K695548,0.16467423959516986
K528757,0.006911435507123932
K515040,0.16335132814623196
K911236,0.027609762525919016
K662328,0.035723633245065126
K925535,0.04265496519939568
K956244,0.11196868460615113
K742103,0.019054083939349604
K509365,0.025239709984975954
K771421,0.17666644914742305
K697339,0.1472809640860369
K694917,0.22436224023041573
K775112,0.2677938078687969
K648682,0.2865719121753335
K803111,0.12552089959550314
K855049,0.07892338714723988
K533799,0.09338997849366383
K942197,0.043334274554466964
K768979,0.3032950773300893
K964409,0.474305729581449
K731815,0.13041291149720705
K643771,0.013489225195098795
K597988,0.002635672211622327
K728098,0.23972560595582984
K868263,0.029593593173980314
K582150,0.05506113323128312
K530642,0.30655754648974565
K524421,0.09631370217994195
K927405,0.0965528517268194
K830649,0.017031293625716145
K953566,0.07565606015472347
K661099,1.796660648776516e-05
K515665,0.19900797431511044
K928632,0.021574565548659577
K926722,0.06601113418219157
K974223,0.03771276529224957
K812965,0.39427494955239023
K932902,0.08612292358319712
K612342,0.2904957800073574
K876687,0.14892844598855853
K869450,0.13791556874721567
K757959,0.024526223061755555
K911450,0.04105930582267061
K716445,0.01408771147084815
K792183,0.03326522592354552
K667415,0.003922737816505087
K619062,1.5508049459924984e-05
K901740,0.2657262859879785
K806907,0.08676563033150662
K992955,0.08096959039537943
K756895,0.12002842356641105
K851266,0.03350502279691929
K951518,0.0643438687701929
K869881,0.37133577691389574
K911699,0.11485213526562182
K599211,0.08259019429251149
K728838,0.41612946012481156
K702169,0.08405118176776136
K759657,0.027397094804389076
K655603,0.3663228269312344
K820740,4.887941485069496e-05
K523241,0.24590925374162073
K852270,0.26906653258415375
K929522,0.04221161792418391
K533414,0.21052490754321254
K652671,0.03258979547784454
K744701,0.03185132980207875
K937890,0.1387009709346628
K817299,0.10484726009757483
K828892,0.3866192284456482
K770170,0.2395513609082904
K932150,0.03323159236622141
K598640,0.0594945043643705
K750363,0.05658800043810356
K910241,0.21410567752418164
K952979,0.2019206261420603
K964792,0.08408111800574129
K964837,0.041621747827644995
K514237,0.21511048155750861
K781267,0.12941950237489028
K546693,0.29276958899976735
K617021,0.030893296212600754
K816700,0.06125441125076399
K551473,0.03220318579532848
K900163,0.37830442642832207
K645946,0.42860272989981196
K861912,0.06597240509143411
K786188,0.06175262922908134
K513346,0.07088981532268139
K503690,0.10493428709608224
K676706,0.23037733480820344
K923282,0.06552943392722443
K847855,0.1645736538142544
K872604,0.013554047363922066
K904584,0.17545171163557718
K911753,0.27871842571203737
K557121,0.29685382949413003
K756645,0.223182205265661
K697878,0.2555767992849388
K866742,0.10071563547139782
K626736,0.016815160894252196
K828409,0.3429363962445298
K854630,0.4122030518716618
K942847,0.06629606775332862
K685016,2.148292865457201e-05
K619077,0.28858553938403286
K839559,0.22576222922863146
K961199,0.3405269009873361
K969994,0.03244231455938208
K787431,0.24856323486733356
K975022,0.0047670755108517385
K813526,0.10726803939132647
K721520,0.07882154648360115
K684965,0.37435620873435493
K900514,0.029807505171974905
K533080,0.3799173230827809
K926513,0.3581898353721531
K972806,0.14482018640145786
K562262,0.15012429555010592
K597065,0.03118903878377285
K908994,0.020103602762896383
K740736,0.02793376186480308
K650610,0.09631446526240202
K737172,0.3969733996276737
K945380,0.06850084545911676
K628969,0.03810891964992929
K634875,0.03628739107848621
K532683,0.38176235271356307
K817755,0.02486930924112675
K980659,0.2244257002616777
K513761,0.03611101350962269
K559087,0.19864394857636514
K763292,0.3626073728252917
K566467,0.09503937445383785
K982680,0.018824979281897188
K646917,0.19768474450599233
K626543,0.08141567743545661
K537626,0.2748592957504272
K864918,0.17866483589153925
K681193,0.1369002399057062
K724786,0.17031852472770764
K534441,0.30531127844043005
K633824,0.24170718343907702
K977528,0.028143096699761325
K745364,0.2531876299193604
K910413,0.03293468310828208
K768869,0.3543020822515801
K962967,0.028698864030126375
K769062,0.32120716763595897
K815295,0.010620492764215669
K716038,1.7650507183026644e-05
K915767,0.07216662004506445
K904953,0.0754837545284257
K522505,0.04907827519791084
K722790,0.008628640297891852
K918978,1.056001141449548e-05
K759585,0.025665226487274522
K789352,3.149233033073025e-05
K954096,2.371388314742677e-05
K618619,0.03628875489195217
K502266,0.04682245479847053
K819818,0.31642322175956594
K925703,0.06315532942980999
K980869,0.3038162535581631
K719274,0.015682742486578697
K635366,0.02213647093710902
K891626,0.036488907963719695
K977416,0.0734489558340517
K948335,0.05972812883246424
K613224,0.02231459650313752
K705533,0.07303619367567252
K542081,0.1635693645689337
K531597,0.21515191139259213
K837351,0.27868071587748944
K846562,0.04733116150835263
K924417,0.473780543326516
K906475,0.08069943223591707
K778971,0.0939737716522057
K573724,0.2768924546973061
K743551,0.07805509567818313
K694226,0.028596329452500183
K874759,0.03280845737476352
K609989,0.03771155061890096
K978219,0.1332141554576342
K808455,0.04492111836601715
K992047,0.07321589804964632
K909148,0.08954435476157999
K944460,0.19357976008346728
K530780,0.31185545798677233
K960273,0.10752148360190117
K634986,0.07834420543919976
K656186,0.26510415532430553
K798670,0.02738703620827633
K961455,0.09203512385592726
K791216,0.0053511392811273996
K785735,0.0532123325407014
K680671,0.04522914392870509
K903743,0.21816071338592102
K769465,0.2961912103280208
K973946,0.03337152749458296
K880249,0.06787573442431552
K780646,0.0031901343641412465
K712964,0.33719676724926423
K615912,0.2776970138710876
K581882,0.005300253922915524
K769123,0.05680715412834072
K920879,1.714447865924976e-05
K796883,0.02551052686157137
K755942,0.08781225255065786
K871681,0.1621432744004741
K633716,0.027798452339602035
K787278,0.11973774726596889
K690486,0.025524914010497387
K745495,0.19662465191148149
K890255,1.721935737604218e-05
K569887,0.08542670489887351
K901081,0.21616572318590327
K836910,0.04693352372931746
K943836,0.10595832925693266
K640679,0.23724671476949608
K773256,0.08916293613452513
K902234,0.06320745558469569
K871808,0.2838560612250159
K740367,0.4176919501951245
K535695,0.39239032883657493
K689011,0.035103376417929176
K563637,0.07063961165279808
K867875,0.08444954171297131
K500831,0.04584458913165602
K769396,0.08715719339554905
K876565,0.39830331226897947
K995362,0.05512535547306406
K518979,0.04597505352949172
K554120,0.05872205361953084
K639015,0.12875762861827647
K943792,0.03146375430397896
K800682,0.49742237772110437
K742310,0.0645697082169721
K820484,0.06715893952513048
K752178,0.23861402456931144
K684169,0.005034225801202444
K958916,0.4263785674153683
K774462,0.4080418877679586
K915968,0.02366762932129558
K669907,0.19261904737595112
K513720,0.04690897195470693
K525832,0.19843284206497327
K925362,0.023777524463130122
K663118,0.2870933336930771
K788691,0.05398447275078542
K591688,0.05966878072816594
K569333,0.286752848927754
K525408,0.038769255378942824
K638294,0.006440320854152654
K560302,0.32025057189192546
K908247,0.1301609741473688
K599711,0.023563756613652197
K739477,0.22004729336415144
K940687,0.05186519238127023
K885199,0.27212236725031164
K675657,0.045271616643383625
K712991,0.01573395398298381
K873557,0.21255898230466955
K704065,0.09900725333330455
K568744,0.06080987713893443
K814131,0.28699864439191775
K678385,0.024146547844976555
K703280,0.01673617895182962
K911798,0.03696255102243579
K817893,0.05316515271092406
K644796,0.1267297177390055
K534393,0.38756949138054597
K853557,0.04077627660639485
K949451,0.1191943335619509
K938994,0.18288963743491632
K992171,0.10577285037928635
K633358,0.05719020299537614
K844624,0.06495175873740329
K851544,0.11167417389422757
K911392,0.04353401422104504
K827671,0.05681203283243069
K760967,0.169930616087634
K814474,0.06826203727356808
K522864,1.3355871087116547e-05
K811434,0.24222292130885764
K626895,0.25181021878892335
K646382,0.26434382578680954
K532379,0.023886807855654828
K668161,0.15878983651112705
K563177,0.021661485036370033
K875363,0.007602996618186899
K661083,0.043906078325815896
K992574,0.22320584861028392
K672507,0.32410661797132934
K537135,3.4326808664704674e-05
K858762,0.3049559294988402
K823870,0.23751277759531597
K897473,0.31194414377529944
K932872,0.2720661423449306
K712858,0.13109676891053892
K734993,0.39765234643469743
K607861,0.2274212356824132
K643277,0.42748277686899877
K508106,0.004795863348463622
K808246,0.48663096730756217
K502949,0.3259520234578146
K920627,0.047484762273252774
K540637,0.02084195666523402
K817130,0.053322889095103666
K929657,0.01639794928454265
K736518,0.015301095025422502
K783745,0.0582310327561538
K730613,0.051445422111912525
K791557,0.12101880667592665
K775177,0.011555678618804549
K667878,0.17195478523000038
K564094,0.1537746842187896
K503578,0.207218596191119
K851330,0.1522464579222539
K724545,0.009498947654699903
K583855,0.28630265366775576
K840636,0.0466829328818028
K651368,0.011704896026015878
K973480,0.030651303554650323
K988928,0.3758534615115203
K983307,0.08353479051706696
K669263,0.24627188054387314
K952806,0.027672682658382807
K922814,0.4594365221827963
K962418,0.27140164265196454
K869764,0.07308098667760693
K997155,0.2907744834826887
K909940,0.04261972220750897
K634697,0.4064415464790357
K765007,0.04725147002556647
K816213,0.16465282526832598
K843976,3.981331553813084e-05
K775675,0.265807392073335
K799686,0.2004405466334802
K784198,0.09031233136324539
K592916,0.15083303300621204
K804583,0.18278347813518128
K989362,0.019238627973248674
K598644,0.06432515283836515
K563143,0.027118594695502977
K525641,0.3798905483631652
K647080,0.03355839866054254
K734151,0.12422722058292737
K824914,0.18659142152916805
K761140,0.22547097331767463
K667368,0.028619371166475196
K733821,0.08381206408691541
K685703,0.04869456662625975
K662365,0.0641931942049062
K523540,0.34298803789656657
K648784,0.07684566908850163
K754669,0.30620927562599454
K678135,0.07444006972034474
K596068,0.09972933150571317
K761153,0.07710857952402882
K893423,0.06438175048367697
K757163,0.3130839289069921
K931360,0.04963660590552779
K928319,0.01540693452846922
K735931,0.3737396779353556
K880959,0.017991974874155034
K737306,0.0878381076640463
K566651,0.3897757519615172
K873132,0.24740617490307437
K744174,0.04687281205951704
K952256,0.4103445492993131
K674869,0.06611140629328405
K941936,0.003377947900449401
K732644,0.09556744444993387
K914990,0.2563173639500386
K883413,0.05328614316603752
